method,test_year,calibration_year,closed_precision,aggregate_closed_precision,close_positive_precision,positive_coverage,event_positive_coverage,event_close_positive_rate,event_any_closure_rate,defer_rate,workload_reduction,overall_coverage,empirical_all_risk,empirical_plus_risk,certified_all_bound,certified_plus_bound,certified_hierarchy_bound,certified_late_bound,lower_positive_coverage,parent_close_positive_precision,child_close_positive_precision,parent_positive_coverage,child_positive_coverage,parent_f1,child_f1,raw_hierarchy_violations,projected_hierarchy_violations,projection_action_changes,projection_change_rate,late_premature_closure_risk,closed_decisions,wrong_closed_decisions,close_positive_decisions,true_positive_closed,truth_positive_total,child_positive_alpha,parent_positive_alpha,personnel_parent_positive_alpha,parent_positive_floor,negative_alpha,late_positive_alpha,min_count,reliability_floor,reliability_min_count,child_reliability_lcb_floor,child_reliability_min_count,aircraft_child_floor,child_margin
BR-TFIDF threshold,2023,2022,0.8147154471544715,0.8147154471544715,0.5484627731818743,0.8313681452367584,0.9861788617886179,1.0,1.0,0.0,1.0,1.0,0.18528455284552847,0.43815594974131566,nan,nan,nan,nan,nan,0.6979134226097788,0.4502864157119476,0.9302615193026152,0.7501704158145875,0.797508896797153,0.5627716696497059,198,198,0,0.0,0.17544715447154471,24600,4558,8099,4442,5343,nan,nan,nan,nan,nan,nan,nan,nan,nan,nan,nan,nan,nan
ES3D,2023,2022,0.8903252032520326,0.8557142093160062,0.6423147958136671,0.5858132135504398,0.9577235772357724,0.9983739837398374,1.0,0.2398780487804878,0.7601219512195122,0.7601219512195121,0.10967479674796746,0.34151664730933023,nan,nan,nan,nan,nan,0.7297939778129953,0.5483184333759047,0.7646326276463262,0.4389911383776414,0.7468072167038313,0.48760174143479085,1084,1084,0,0.0,0.0,18699,2698,4873,3130,5343,nan,nan,nan,nan,nan,nan,nan,nan,nan,nan,nan,nan,nan
Labelwise RCPS,2023,2022,0.9719918699186992,0.9558898847631242,0.0,0.0,0.0,0.0,1.0,0.3650406504065041,0.634959349593496,0.634959349593496,0.028008130081300816,0.0,0.03599534405278522,0.006687945138253704,0.008590119051297182,0.006687945138253704,0.0,0.0,0.0,0.0,0.0,0.0,0.0,29,29,0,0.0,0.0,15620,689,0,0,5343,nan,nan,nan,nan,nan,nan,nan,nan,nan,nan,nan,nan,nan
Instancewise RCPS,2023,2022,0.9505284552845529,0.9319807735300694,0.8929384965831435,0.07336702227213177,0.29024390243902437,0.3195121951219512,1.0,0.2726829268292683,0.7273170731707317,0.7273170731707317,0.04947154471544715,0.03373983739837398,0.07392870731337414,0.05696187916795881,0.02279822156603384,0.0023231763334311973,0.04340323437144558,0.8929384965831435,0.0,0.1627231216272312,0.0,0.2752808988764045,0.0,1,1,0,0.0,0.0,17892,1217,439,392,5343,0.0,0.08,0.06,0.0,0.12,0.0,3,0.0,20,0.0,20,0.0,0.0
LTT without hierarchy,2023,2022,0.9505284552845529,0.9319807735300694,0.8929384965831435,0.07336702227213177,0.29024390243902437,0.3195121951219512,1.0,0.2726829268292683,0.7273170731707317,0.7273170731707317,0.04947154471544715,0.03373983739837398,0.07392870731337414,0.05696187916795881,0.02279822156603384,0.0023231763334311973,0.04340323437144558,0.8929384965831435,0.0,0.1627231216272312,0.0,0.2752808988764045,0.0,1,1,0,0.0,0.0,17892,1217,439,392,5343,0.0,0.08,0.06,0.0,0.12,0.0,3,0.0,20,0.0,20,0.0,0.0
F-DFHC without utility,2023,2022,0.951869918699187,0.9328074456614267,0.9161676646706587,0.028635597978663673,0.12439024390243902,0.13495934959349593,1.0,0.2836991869918699,0.7163008130081301,0.7163008130081301,0.04813008130081301,0.01097560975609756,0.073061458372081,0.038108228503884005,0.0,0.0023231763334311973,0.0,0.9161676646706587,0.0,0.06351183063511831,0.0,0.1187888198757764,0.0,1,0,1,4.065040650406504e-05,0.0,17621,1184,167,153,5343,0.0,0.04,0.06,0.0,0.12,0.0,3,0.0,20,0.0,20,0.0,0.0
F-DFHC-U full,2023,2022,0.9509756097560975,0.9325012593048637,0.9045346062052506,0.07093393224780085,0.25447154471544714,0.275609756097561,1.0,0.2736991869918699,0.7263008130081301,0.72630081300813,0.049024390243902434,0.026422764227642278,0.07395207139017153,0.057438795357891356,0.0,0.0036777760368619304,0.036122684354276756,0.9042553191489362,0.9069767441860465,0.141137401411374,0.013292433537832311,0.24416517055655296,0.026200873362445413,1,0,1,4.065040650406504e-05,0.0003252032520325203,17867,1206,419,379,5343,0.0,0.08,0.06,0.72,0.12,0.0,3,0.0,20,0.85,20,0.85,0.0
F-DFHC-U w/o projection,2023,2022,0.9509756097560975,0.9324974812493003,0.9045346062052506,0.07093393224780085,0.25447154471544714,0.275609756097561,1.0,0.273739837398374,0.7262601626016261,0.726260162601626,0.049024390243902434,0.026422764227642278,0.07395207139017153,0.057438795357891356,0.0,0.0036777760368619304,0.036122684354276756,0.9042553191489362,0.9069767441860465,0.141137401411374,0.013292433537832311,0.24416517055655296,0.026200873362445413,1,1,0,0.0,0.0003252032520325203,17866,1206,419,379,5343,0.0,0.08,0.06,0.72,0.12,0.0,3,0.0,20,0.85,20,0.85,0.0
BR-TFIDF threshold,2024,2023,0.8061158699456572,0.8061158699456572,0.5008462623413258,0.8410705826622454,0.9858156028368794,1.0,1.0,0.0,1.0,1.0,0.1938841300543428,0.4840227064391198,nan,nan,nan,nan,nan,0.6727605118829981,0.3928817451205511,0.944558521560575,0.7524186455584873,0.7858210548793508,0.5162166239251772,242,242,0,0.0,0.2358662613981763,21714,4210,7090,3551,4222,nan,nan,nan,nan,nan,nan,nan,nan,nan,nan,nan,nan,nan
ES3D,2024,2023,0.9005710601455282,0.8743086685684345,0.6425893526618345,0.6089531027948839,0.9523809523809523,0.9989868287740629,1.0,0.20894353873077276,0.7910564612692272,0.7910564612692272,0.09942893985447177,0.34715588363004773,nan,nan,nan,nan,nan,0.7376498800959232,0.5391440501043842,0.7895277207392197,0.4542656112576957,0.7627076617902306,0.4930787589498807,786,786,0,0.0,0.0,17177,2159,4001,2571,4222,nan,nan,nan,nan,nan,nan,nan,nan,nan,nan,nan,nan,nan
Labelwise RCPS,2024,2023,0.9784010315925209,0.9666595578303832,0.0,0.0,0.0,0.0,1.0,0.3521691074882564,0.6478308925117435,0.6478308925117435,0.021598968407479047,0.0,0.034740313384979654,0.006997874303197169,0.007440973040365768,0.006997874303197169,0.0,0.0,0.0,0.0,0.0,0.0,0.0,10,10,0,0.0,0.0,14067,469,0,0,4222,nan,nan,nan,nan,nan,nan,nan,nan,nan,nan,nan,nan,nan
Instancewise RCPS,2024,2023,0.9634797826287188,0.9502603023270401,0.9289617486338798,0.04026527711984841,0.14994934143870314,0.16210739614994935,1.0,0.26577323385834023,0.7342267661416597,0.7342267661416597,0.0365202173712812,0.0121580547112462,0.07204642253757043,0.04673692211707091,0.02406519203264302,0.0024306174308233496,0.007045475253351176,0.922077922077922,0.9655172413793104,0.0728952772073922,0.012313104661389622,0.1351094196003806,0.0243161094224924,8,8,0,0.0,0.0,15943,793,183,170,4222,0.06,0.08,0.0,0.0,0.12,0.0,3,0.0,20,0.0,20,0.0,0.0
LTT without hierarchy,2024,2023,0.9634797826287188,0.9502603023270401,0.9289617486338798,0.04026527711984841,0.14994934143870314,0.16210739614994935,1.0,0.26577323385834023,0.7342267661416597,0.7342267661416597,0.0365202173712812,0.0121580547112462,0.07204642253757043,0.04673692211707091,0.02406519203264302,0.0024306174308233496,0.007045475253351176,0.922077922077922,0.9655172413793104,0.0728952772073922,0.012313104661389622,0.1351094196003806,0.0243161094224924,8,8,0,0.0,0.0,15943,793,183,170,4222,0.06,0.08,0.0,0.0,0.12,0.0,3,0.0,20,0.0,20,0.0,0.0
F-DFHC without utility,2024,2023,0.9640784747167725,0.9505985179555386,1.0,0.006395073424917101,0.02735562310030395,0.02735562310030395,1.0,0.2728654324399005,0.7271345675600994,0.7271345675600994,0.03592152528322741,0.0,0.07149128030606591,0.02574710778419938,0.0,0.0024306174308233496,0.0,1.0,0.0,0.013860369609856264,0.0,0.027341772151898733,0.0,2,0,2,9.210647508519849e-05,0.0,15789,780,27,27,4222,0.0,0.04,0.0,0.0,0.12,0.0,3,0.0,20,0.0,20,0.0,0.0
F-DFHC-U full,2024,2023,0.963571889103804,0.9504199573774602,0.9282051282051282,0.042870677404073895,0.14387031408308004,0.15602836879432624,1.0,0.26526664824537166,0.7347333517546284,0.7347333517546283,0.036428110896196,0.012664640324214792,0.07202288394796422,0.04726540302208593,0.0,0.0024306174308233496,0.008350968493540216,0.922077922077922,0.9512195121951219,0.0728952772073922,0.017150395778364115,0.1351094196003806,0.033693304535637146,2,0,2,9.210647508519849e-05,0.0,15954,791,195,181,4222,0.0,0.08,0.06,0.72,0.12,0.0,3,0.0,20,0.85,20,0.875,0.0
F-DFHC-U w/o projection,2024,2023,0.963571889103804,0.9504137412236711,0.9282051282051282,0.042870677404073895,0.14387031408308004,0.15602836879432624,1.0,0.26535875472045684,0.7346412452795431,0.7346412452795431,0.036428110896196,0.012664640324214792,0.07202288394796422,0.04726540302208593,0.0,0.0024306174308233496,0.008350968493540216,0.922077922077922,0.9512195121951219,0.0728952772073922,0.017150395778364115,0.1351094196003806,0.033693304535637146,2,2,0,0.0,0.0,15952,791,195,181,4222,0.0,0.08,0.06,0.72,0.12,0.0,3,0.0,20,0.85,20,0.875,0.0
BR-TFIDF threshold,2025,2024,0.8061926605504587,0.8061926605504587,0.49124513618677046,0.8553523035230353,0.9831804281345565,1.0,1.0,0.0,1.0,1.0,0.1938073394495413,0.5024917148770359,nan,nan,nan,nan,nan,0.691820580474934,0.3741140215716487,0.9675276752767528,0.7601753287413902,0.8067692307692308,0.5014456836018174,58,58,0,0.0,0.2397553516819572,15696,3042,5140,2525,2952,nan,nan,nan,nan,nan,nan,nan,nan,nan,nan,nan,nan,nan
ES3D,2025,2024,0.9055810397553516,0.8826881975777725,0.6427326594632277,0.6246612466124661,0.9571865443425076,1.0,1.0,0.1951452599388379,0.8048547400611621,0.8048547400611621,0.09441896024464831,0.3577896704043493,nan,nan,nan,nan,nan,0.7293485560779046,0.5492753623188406,0.8014760147601476,0.4746399499060739,0.7637130801687764,0.5092374874034262,476,476,0,0.0,0.0006116207951070337,12633,1482,2869,1844,2952,nan,nan,nan,nan,nan,nan,nan,nan,nan,nan,nan,nan,nan
Labelwise RCPS,2025,2024,0.9848369011213048,0.9757785467128027,0.0,0.0,0.0,0.0,1.0,0.37398063200815496,0.6260193679918451,0.6260193679918451,0.015163098878695208,0.0,0.028752043432450657,0.008729599789992411,0.010038279290161272,0.008729599789992411,0.0,0.0,0.0,0.0,0.0,0.0,0.0,18,18,0,0.0,0.0,9826,238,0,0,2952,nan,nan,nan,nan,nan,nan,nan,nan,nan,nan,nan,nan,nan
Instancewise RCPS,2025,2024,0.9652140672782875,0.9534923339011925,0.8918918918918919,0.03353658536585366,0.14678899082568808,0.1620795107033639,1.0,0.2520387359836901,0.7479612640163099,0.7479612640163098,0.034785932721712536,0.016819571865443424,0.0727941056682603,0.0699053789650459,0.03007028050537626,0.0030305882084813995,0.027338901653074302,0.9047619047619048,0.6666666666666666,0.07011070110701106,0.002504696305572949,0.13013698630136986,0.004990642545227698,3,3,0,0.0,0.0,11740,546,111,99,2952,0.08,0.08,0.0,0.0,0.14,0.0,3,0.0,20,0.0,20,0.0,0.0
LTT without hierarchy,2025,2024,0.9652140672782875,0.9534923339011925,0.8918918918918919,0.03353658536585366,0.14678899082568808,0.1620795107033639,1.0,0.2520387359836901,0.7479612640163099,0.7479612640163098,0.034785932721712536,0.016819571865443424,0.0727941056682603,0.0699053789650459,0.03007028050537626,0.0030305882084813995,0.027338901653074302,0.9047619047619048,0.6666666666666666,0.07011070110701106,0.002504696305572949,0.13013698630136986,0.004990642545227698,3,3,0,0.0,0.0,11740,546,111,99,2952,0.08,0.08,0.0,0.0,0.14,0.0,3,0.0,20,0.0,20,0.0,0.0
F-DFHC without utility,2025,2024,0.9656600407747197,0.9536981358989778,1.0,0.0013550135501355014,0.0061162079510703364,0.0061162079510703364,1.0,0.2583460754332314,0.7416539245667686,0.7416539245667686,0.03433995922528032,0.0,0.07442611746535016,0.0321174386382696,0.0,0.0030305882084813995,0.0,1.0,0.0,0.002952029520295203,0.0,0.005886681383370125,0.0,2,0,2,0.00012742099898063202,0.0,11641,539,4,4,2952,0.0,0.04,0.0,0.0,0.14,0.0,3,0.0,20,0.0,20,0.0,0.0
F-DFHC-U full,2025,2024,0.9651503567787971,0.9534349195539287,0.9035087719298246,0.03489159891598916,0.1452599388379205,0.16055045871559634,1.0,0.2515927624872579,0.7484072375127421,0.7484072375127421,0.03484964322120285,0.016055045871559634,0.07322726830709872,0.06748223057889503,0.0,0.004797240990526346,0.027954513538120805,0.9047619047619048,0.8888888888888888,0.07011070110701106,0.005009392611145898,0.13013698630136986,0.009962640099626401,2,0,2,0.00012742099898063202,0.0,11747,547,114,103,2952,0.0,0.08,0.0,0.0,0.14,0.0,3,0.0,20,0.85,20,0.875,0.0
F-DFHC-U w/o projection,2025,2024,0.9652140672782875,0.9535121328224776,0.9035087719298246,0.03489159891598916,0.1452599388379205,0.16055045871559634,1.0,0.25172018348623854,0.7482798165137615,0.7482798165137615,0.034785932721712536,0.016055045871559634,0.07322726830709872,0.06748223057889503,0.0,0.004797240990526346,0.027954513538120805,0.9047619047619048,0.8888888888888888,0.07011070110701106,0.005009392611145898,0.13013698630136986,0.009962640099626401,2,2,0,0.0,0.0,11745,546,114,103,2952,0.0,0.08,0.0,0.0,0.14,0.0,3,0.0,20,0.85,20,0.875,0.0
