positive_alpha,negative_alpha,late_positive_alpha,min_count,candidate_count,coverage,positive_coverage,empirical_all_risk,empirical_plus_risk,empirical_hierarchy_risk,empirical_late_risk,upper_all_risk,upper_plus_risk,upper_hierarchy_risk,upper_late_risk,feasible,test_year
0.0,0.055,0.0,5,27,0.6743497670807453,0.004025494800402549,0.022418478260869564,0.0,0.0,0.0,0.038729864741201055,0.012663303351677768,0.0,0.012663303351677768,True,2023
0.0,0.055,0.01,5,27,0.6743497670807453,0.004025494800402549,0.022418478260869564,0.0,0.0,0.0,0.038729864741201055,0.012663303351677768,0.0,0.012663303351677768,True,2023
0.0,0.055,0.02,5,27,0.6743497670807453,0.004025494800402549,0.022418478260869564,0.0,0.0,0.0,0.038729864741201055,0.012663303351677768,0.0,0.012663303351677768,True,2023
0.0,0.06,0.0,5,27,0.6996797360248447,0.004025494800402549,0.025815217391304348,0.0,0.0,0.0,0.042396270397295745,0.012663303351677768,0.0,0.012663303351677768,True,2023
0.0,0.06,0.01,5,27,0.6996797360248447,0.004025494800402549,0.025815217391304348,0.0,0.0,0.0,0.042396270397295745,0.012663303351677768,0.0,0.012663303351677768,True,2023
0.0,0.06,0.02,5,27,0.6996797360248447,0.004025494800402549,0.025815217391304348,0.0,0.0,0.0,0.042396270397295745,0.012663303351677768,0.0,0.012663303351677768,True,2023
0.0,0.065,0.0,5,27,0.7094817546583851,0.004025494800402549,0.027416537267080744,0.0,0.0,0.0,0.044100814586257225,0.012663303351677768,0.0,0.012663303351677768,True,2023
0.0,0.065,0.01,5,27,0.7094817546583851,0.004025494800402549,0.027416537267080744,0.0,0.0,0.0,0.044100814586257225,0.012663303351677768,0.0,0.012663303351677768,True,2023
0.0,0.065,0.02,5,27,0.7094817546583851,0.004025494800402549,0.027416537267080744,0.0,0.0,0.0,0.044100814586257225,0.012663303351677768,0.0,0.012663303351677768,True,2023
0.0,0.07,0.0,5,27,0.7147224378881988,0.004025494800402549,0.028241459627329192,0.0,0.0,0.0,0.044982080770075886,0.012663303351677768,0.0,0.012663303351677768,True,2023
0.0,0.07,0.01,5,27,0.7147224378881988,0.004025494800402549,0.028241459627329192,0.0,0.0,0.0,0.044982080770075886,0.012663303351677768,0.0,0.012663303351677768,True,2023
0.0,0.07,0.02,5,27,0.7147224378881988,0.004025494800402549,0.028241459627329192,0.0,0.0,0.0,0.044982080770075886,0.012663303351677768,0.0,0.012663303351677768,True,2023
0.0,0.072,0.0,5,27,0.7242818322981367,0.004025494800402549,0.029454580745341616,0.0,0.0,0.0,0.046274843996242786,0.012663303351677768,0.0,0.012663303351677768,True,2023
0.0,0.072,0.01,5,27,0.7242818322981367,0.004025494800402549,0.029454580745341616,0.0,0.0,0.0,0.046274843996242786,0.012663303351677768,0.0,0.012663303351677768,True,2023
0.0,0.072,0.02,5,27,0.7242818322981367,0.004025494800402549,0.029454580745341616,0.0,0.0,0.0,0.046274843996242786,0.012663303351677768,0.0,0.012663303351677768,True,2023
0.0,0.073,0.0,5,27,0.7242818322981367,0.004025494800402549,0.029454580745341616,0.0,0.0,0.0,0.046274843996242786,0.012663303351677768,0.0,0.012663303351677768,True,2023
0.0,0.073,0.01,5,27,0.7242818322981367,0.004025494800402549,0.029454580745341616,0.0,0.0,0.0,0.046274843996242786,0.012663303351677768,0.0,0.012663303351677768,True,2023
0.0,0.073,0.02,5,27,0.7242818322981367,0.004025494800402549,0.029454580745341616,0.0,0.0,0.0,0.046274843996242786,0.012663303351677768,0.0,0.012663303351677768,True,2023
0.0,0.075,0.0,5,27,0.7321913819875776,0.004025494800402549,0.03226902173913043,0.0,0.0,0.0,0.04922455921099329,0.012663303351677768,0.0,0.012663303351677768,True,2023
0.0,0.075,0.01,5,27,0.7321913819875776,0.004025494800402549,0.03226902173913043,0.0,0.0,0.0,0.04922455921099329,0.012663303351677768,0.0,0.012663303351677768,True,2023
0.0,0.075,0.02,5,27,0.7321913819875776,0.004025494800402549,0.03226902173913043,0.0,0.0,0.0,0.04922455921099329,0.012663303351677768,0.0,0.012663303351677768,True,2023
0.0,0.08,0.0,5,27,0.7358307453416149,0.004025494800402549,0.0328513198757764,0.0,0.0,0.0,0.04989603441767142,0.012663303351677768,0.0,0.012663303351677768,True,2023
0.0,0.08,0.01,5,27,0.7358307453416149,0.004025494800402549,0.0328513198757764,0.0,0.0,0.0,0.04989603441767142,0.012663303351677768,0.0,0.012663303351677768,True,2023
0.0,0.08,0.02,5,27,0.7358307453416149,0.004025494800402549,0.0328513198757764,0.0,0.0,0.0,0.04989603441767142,0.012663303351677768,0.0,0.012663303351677768,True,2023
0.0,0.09,0.0,5,27,0.7627620341614907,0.004025494800402549,0.03872282608695652,0.0,0.0,0.0,0.05596746294586098,0.012663303351677768,0.0,0.012663303351677768,True,2023
0.0,0.09,0.01,5,27,0.7627620341614907,0.004025494800402549,0.03872282608695652,0.0,0.0,0.0,0.05596746294586098,0.012663303351677768,0.0,0.012663303351677768,True,2023
0.0,0.09,0.02,5,27,0.7627620341614907,0.004025494800402549,0.03872282608695652,0.0,0.0,0.0,0.05596746294586098,0.012663303351677768,0.0,0.012663303351677768,True,2023
0.0,0.055,0.0,5,27,0.6753954221818703,0.00847457627118644,0.020499832751947243,0.0,0.0,0.0,0.037212241035065666,0.013250139360657956,0.0,0.013250139360657956,True,2024
0.0,0.055,0.01,5,27,0.6753954221818703,0.00847457627118644,0.020499832751947243,0.0,0.0,0.0,0.037212241035065666,0.013250139360657956,0.0,0.013250139360657956,True,2024
0.0,0.055,0.02,5,27,0.6753954221818703,0.00847457627118644,0.020499832751947243,0.0,0.0,0.0,0.037212241035065666,0.013250139360657956,0.0,0.013250139360657956,True,2024
0.0,0.06,0.0,5,27,0.6858603717685287,0.00847457627118644,0.021742246858125865,0.0,0.0,0.0,0.03856058771250896,0.013250139360657956,0.0,0.013250139360657956,True,2024
0.0,0.06,0.01,5,27,0.6858603717685287,0.00847457627118644,0.021742246858125865,0.0,0.0,0.0,0.03856058771250896,0.013250139360657956,0.0,0.013250139360657956,True,2024
0.0,0.06,0.02,5,27,0.6858603717685287,0.00847457627118644,0.021742246858125865,0.0,0.0,0.0,0.03856058771250896,0.013250139360657956,0.0,0.013250139360657956,True,2024
0.0,0.065,0.0,5,27,0.7080326850480241,0.00847457627118644,0.024800496965642474,0.0,0.0,0.0,0.04187517816270575,0.013250139360657956,0.0,0.013250139360657956,True,2024
0.0,0.065,0.01,5,27,0.7080326850480241,0.00847457627118644,0.024800496965642474,0.0,0.0,0.0,0.04187517816270575,0.013250139360657956,0.0,0.013250139360657956,True,2024
0.0,0.065,0.02,5,27,0.7080326850480241,0.00847457627118644,0.024800496965642474,0.0,0.0,0.0,0.04187517816270575,0.013250139360657956,0.0,0.013250139360657956,True,2024
0.0,0.07,0.0,5,27,0.7186887752664023,0.00847457627118644,0.027094184546279917,0.0,0.0,0.0,0.04428259072974167,0.013250139360657956,0.0,0.013250139360657956,True,2024
0.0,0.07,0.01,5,27,0.7186887752664023,0.00847457627118644,0.027094184546279917,0.0,0.0,0.0,0.04428259072974167,0.013250139360657956,0.0,0.013250139360657956,True,2024
0.0,0.07,0.02,5,27,0.7186887752664023,0.00847457627118644,0.027094184546279917,0.0,0.0,0.0,0.04428259072974167,0.013250139360657956,0.0,0.013250139360657956,True,2024
0.0,0.072,0.0,5,27,0.7219381660056386,0.00847457627118644,0.0274764658097195,0.0,0.0,0.0,0.04467530853052126,0.013250139360657956,0.0,0.013250139360657956,True,2024
0.0,0.072,0.01,5,27,0.7219381660056386,0.00847457627118644,0.0274764658097195,0.0,0.0,0.0,0.04467530853052126,0.013250139360657956,0.0,0.013250139360657956,True,2024
0.0,0.072,0.02,5,27,0.7219381660056386,0.00847457627118644,0.0274764658097195,0.0,0.0,0.0,0.04467530853052126,0.013250139360657956,0.0,0.013250139360657956,True,2024
0.0,0.073,0.0,5,27,0.7280546662206718,0.00847457627118644,0.02804988770487886,0.0,0.0,0.0,0.04527561196542213,0.013250139360657956,0.0,0.013250139360657956,True,2024
0.0,0.073,0.01,5,27,0.7280546662206718,0.00847457627118644,0.02804988770487886,0.0,0.0,0.0,0.04527561196542213,0.013250139360657956,0.0,0.013250139360657956,True,2024
0.0,0.073,0.02,5,27,0.7280546662206718,0.00847457627118644,0.02804988770487886,0.0,0.0,0.0,0.04527561196542213,0.013250139360657956,0.0,0.013250139360657956,True,2024
0.0,0.075,0.0,5,27,0.7280546662206718,0.00847457627118644,0.02804988770487886,0.0,0.0,0.0,0.04527561196542213,0.013250139360657956,0.0,0.013250139360657956,True,2024
0.0,0.075,0.01,5,27,0.7280546662206718,0.00847457627118644,0.02804988770487886,0.0,0.0,0.0,0.04527561196542213,0.013250139360657956,0.0,0.013250139360657956,True,2024
0.0,0.075,0.02,5,27,0.7280546662206718,0.00847457627118644,0.02804988770487886,0.0,0.0,0.0,0.04527561196542213,0.013250139360657956,0.0,0.013250139360657956,True,2024
0.0,0.08,0.0,5,27,0.736942705595642,0.00847457627118644,0.02929230181105749,0.0,0.0,0.0,0.04663145701571812,0.013250139360657956,0.0,0.013250139360657956,True,2024
0.0,0.08,0.01,5,27,0.736942705595642,0.00847457627118644,0.02929230181105749,0.0,0.0,0.0,0.04663145701571812,0.013250139360657956,0.0,0.013250139360657956,True,2024
0.0,0.08,0.02,5,27,0.736942705595642,0.00847457627118644,0.02929230181105749,0.0,0.0,0.0,0.04663145701571812,0.013250139360657956,0.0,0.013250139360657956,True,2024
0.0,0.09,0.0,5,27,0.764849237826731,0.00847457627118644,0.035647727815740424,0.0,0.0,0.0,0.05328142409049431,0.013250139360657956,0.0,0.013250139360657956,True,2024
0.0,0.09,0.01,5,27,0.764849237826731,0.00847457627118644,0.035647727815740424,0.0,0.0,0.0,0.05328142409049431,0.013250139360657956,0.0,0.013250139360657956,True,2024
0.0,0.09,0.02,5,27,0.764849237826731,0.00847457627118644,0.035647727815740424,0.0,0.0,0.0,0.05328142409049431,0.013250139360657956,0.0,0.013250139360657956,True,2024
0.0,0.055,0.0,5,27,0.6927424945342079,0.012232415902140673,0.016050765210899588,0.0,0.0,0.0,0.036097573721736165,0.016529078512788325,0.0,0.016529078512788325,True,2025
0.0,0.055,0.01,5,27,0.6927424945342079,0.012232415902140673,0.016050765210899588,0.0,0.0,0.0,0.036097573721736165,0.016529078512788325,0.0,0.016529078512788325,True,2025
0.0,0.055,0.02,5,27,0.6927424945342079,0.012232415902140673,0.016050765210899588,0.0,0.0,0.0,0.036097573721736165,0.016529078512788325,0.0,0.016529078512788325,True,2025
0.0,0.06,0.0,5,27,0.6979683250679891,0.012232415902140673,0.01685063723137631,0.0,0.0,0.0,0.03698466280671206,0.016529078512788325,0.0,0.016529078512788325,True,2025
0.0,0.06,0.01,5,27,0.6979683250679891,0.012232415902140673,0.01685063723137631,0.0,0.0,0.0,0.03698466280671206,0.016529078512788325,0.0,0.016529078512788325,True,2025
0.0,0.06,0.02,5,27,0.6979683250679891,0.012232415902140673,0.01685063723137631,0.0,0.0,0.0,0.03698466280671206,0.016529078512788325,0.0,0.016529078512788325,True,2025
0.0,0.065,0.0,5,27,0.7037807284167866,0.012232415902140673,0.018290406868234417,0.0,0.0,0.0,0.03857023897465435,0.016529078512788325,0.0,0.016529078512788325,True,2025
0.0,0.065,0.01,5,27,0.7037807284167866,0.012232415902140673,0.018290406868234417,0.0,0.0,0.0,0.03857023897465435,0.016529078512788325,0.0,0.016529078512788325,True,2025
0.0,0.065,0.02,5,27,0.7037807284167866,0.012232415902140673,0.018290406868234417,0.0,0.0,0.0,0.03857023897465435,0.016529078512788325,0.0,0.016529078512788325,True,2025
0.0,0.07,0.0,5,27,0.7054871220604704,0.012232415902140673,0.018770330080520446,0.0,0.0,0.0,0.0391062614186941,0.016529078512788325,0.0,0.016529078512788325,True,2025
0.0,0.07,0.01,5,27,0.7054871220604704,0.012232415902140673,0.018770330080520446,0.0,0.0,0.0,0.0391062614186941,0.016529078512788325,0.0,0.016529078512788325,True,2025
0.0,0.07,0.02,5,27,0.7054871220604704,0.012232415902140673,0.018770330080520446,0.0,0.0,0.0,0.0391062614186941,0.016529078512788325,0.0,0.016529078512788325,True,2025
0.0,0.072,0.0,5,27,0.720204767237242,0.012232415902140673,0.020690022929664584,0.0,0.0,0.0,0.04117455510113958,0.016529078512788325,0.0,0.016529078512788325,True,2025
0.0,0.072,0.01,5,27,0.720204767237242,0.012232415902140673,0.020690022929664584,0.0,0.0,0.0,0.04117455510113958,0.016529078512788325,0.0,0.016529078512788325,True,2025
0.0,0.072,0.02,5,27,0.720204767237242,0.012232415902140673,0.020690022929664584,0.0,0.0,0.0,0.04117455510113958,0.016529078512788325,0.0,0.016529078512788325,True,2025
0.0,0.073,0.0,5,27,0.720204767237242,0.012232415902140673,0.020690022929664584,0.0,0.0,0.0,0.04117455510113958,0.016529078512788325,0.0,0.016529078512788325,True,2025
0.0,0.073,0.01,5,27,0.720204767237242,0.012232415902140673,0.020690022929664584,0.0,0.0,0.0,0.04117455510113958,0.016529078512788325,0.0,0.016529078512788325,True,2025
0.0,0.073,0.02,5,27,0.720204767237242,0.012232415902140673,0.020690022929664584,0.0,0.0,0.0,0.04117455510113958,0.016529078512788325,0.0,0.016529078512788325,True,2025
0.0,0.075,0.0,5,27,0.7277768890310884,0.012232415902140673,0.021329920546045964,0.0,0.0,0.0,0.041886277566668684,0.016529078512788325,0.0,0.016529078512788325,True,2025
0.0,0.075,0.01,5,27,0.7277768890310884,0.012232415902140673,0.021329920546045964,0.0,0.0,0.0,0.041886277566668684,0.016529078512788325,0.0,0.016529078512788325,True,2025
0.0,0.075,0.02,5,27,0.7277768890310884,0.012232415902140673,0.021329920546045964,0.0,0.0,0.0,0.041886277566668684,0.016529078512788325,0.0,0.016529078512788325,True,2025
0.0,0.08,0.0,5,27,0.7333759931744255,0.012232415902140673,0.02260971577880872,0.0,0.0,0.0,0.043234426325193004,0.016529078512788325,0.0,0.016529078512788325,True,2025
0.0,0.08,0.01,5,27,0.7333759931744255,0.012232415902140673,0.02260971577880872,0.0,0.0,0.0,0.043234426325193004,0.016529078512788325,0.0,0.016529078512788325,True,2025
0.0,0.08,0.02,5,27,0.7333759931744255,0.012232415902140673,0.02260971577880872,0.0,0.0,0.0,0.043234426325193004,0.016529078512788325,0.0,0.016529078512788325,True,2025
0.0,0.09,0.0,5,27,0.752199648056311,0.012232415902140673,0.02500933184023889,0.0,0.0,0.0,0.04580655106617812,0.016529078512788325,0.0,0.016529078512788325,True,2025
0.0,0.09,0.01,5,27,0.752199648056311,0.012232415902140673,0.02500933184023889,0.0,0.0,0.0,0.04580655106617812,0.016529078512788325,0.0,0.016529078512788325,True,2025
0.0,0.09,0.02,5,27,0.752199648056311,0.012232415902140673,0.02500933184023889,0.0,0.0,0.0,0.04580655106617812,0.016529078512788325,0.0,0.016529078512788325,True,2025
